{
  "denoise15": {
    "psnr": 33.97706789208079,
    "ssim": 0.9332819791401133,
    "n": 68
  },
  "denoise25": {
    "psnr": 31.31218100113211,
    "ssim": 0.8885847680708941,
    "n": 68
  },
  "denoise50": {
    "psnr": 28.04590363038693,
    "ssim": 0.7969570633243112,
    "n": 68
  },
  "derain": {
    "psnr": 37.439573448353556,
    "ssim": 0.9786196058988571,
    "n": 100
  },
  "dehaze": {
    "psnr": 30.59468078801891,
    "ssim": 0.9778578605651855,
    "n": 500
  },
  "five_setting_mean": {
    "psnr": 32.27388135199446,
    "ssim": 0.9150602553998723
  }
}
