{
  "denoise15": {
    "psnr": 42.40467245889765,
    "ssim": 0.9744794964790344,
    "n": 1
  },
  "denoise25": {
    "psnr": 40.24338334833976,
    "ssim": 0.9687772393226624,
    "n": 1
  },
  "denoise50": {
    "psnr": 36.96400819290601,
    "ssim": 0.9561581611633301,
    "n": 1
  },
  "derain": {
    "psnr": 37.46511827346635,
    "ssim": 0.9789794087409973,
    "n": 1
  },
  "dehaze": {
    "psnr": 33.05503349299026,
    "ssim": 0.9892780780792236,
    "n": 1
  },
  "five_setting_mean": {
    "psnr": 38.02644315332001,
    "ssim": 0.9735344767570495
  }
}
