{
  "checkpoint": "/root/autodl-tmp/srsc_lite_v12/artifacts/checkpoints/aio3_stage_a_coarse_seed1415926/val_epoch105_step0175655.pt",
  "checkpoint_sha256": "e721021aacb95dc8aac735d0c42136076a41b7e6aecebddd46e83cc12fbedc0f",
  "delta": {
    "dehaze": 0.40128973984136707,
    "denoise15": 0.0171208983486153,
    "denoise25": 0.011614345809789484,
    "denoise50": 0.012960878390710917,
    "derain": 0.31006040573119975,
    "five_setting_mean_psnr": 0.15060925362433863,
    "three_task_macro_psnr": 0.2417496176963141
  },
  "generated_utc": "2026-07-18T09:02:31.422332+00:00",
  "interpretation": "Stage-A coarse trend only; not an SRSC or R2R gain claim.",
  "metrics_path": "/root/autodl-tmp/srsc_lite_v12/artifacts/metrics/aio3_stage_a_coarse_seed1415926_locked_val.jsonl",
  "metrics_sha256": "2b4711f4ee799570c8d4bac7f37ef8ad60d770616ae7ed30ee75298b5227188d",
  "previous": {
    "dehaze": 35.96561581681414,
    "denoise15": 35.22243821968153,
    "denoise25": 32.74890197827978,
    "denoise50": 29.441614262108665,
    "denoise_task_mean_psnr": 32.470984820023325,
    "derain": 36.40118741989136,
    "epoch": 100,
    "five_setting_mean_psnr": 33.9559515393551,
    "macro_psnr": 33.9559515393551,
    "macro_psnr_semantics": "legacy_alias_of_five_setting_mean_psnr",
    "step": 169920,
    "three_task_macro_psnr": 34.945929352242935
  },
  "status": "ready",
  "target": {
    "dehaze": 36.36690555665551,
    "denoise15": 35.239559118030144,
    "denoise25": 32.76051632408957,
    "denoise50": 29.454575140499376,
    "denoise_task_mean_psnr": 32.4848835275397,
    "derain": 36.71124782562256,
    "epoch": 105,
    "five_setting_mean_psnr": 34.10656079297944,
    "macro_psnr": 34.10656079297944,
    "macro_psnr_semantics": "legacy_alias_of_five_setting_mean_psnr",
    "step": 175655,
    "three_task_macro_psnr": 35.18767896993925
  }
}
