{
  "checkpoint": "/root/autodl-tmp/srsc_lite_v12/artifacts/checkpoints/aio3_stage_a_coarse_seed1415926/val_epoch130_step0204330.pt",
  "checkpoint_sha256": null,
  "delta": {
    "dehaze": -0.45553060392054334,
    "denoise15": 0.006214160363647636,
    "denoise25": 0.009254122243348206,
    "denoise50": 0.021126367513414124,
    "derain": -0.11527490615844727,
    "five_setting_mean_psnr": -0.10684217199172252,
    "three_task_macro_psnr": -0.18620243112405888
  },
  "generated_utc": "2026-07-18T11:59:42.231523+00:00",
  "interpretation": "Stage-A coarse trend only; not an SRSC or R2R gain claim.",
  "metrics_path": "/root/autodl-tmp/srsc_lite_v12/artifacts/metrics/aio3_stage_a_coarse_seed1415926_locked_val.jsonl",
  "metrics_sha256": "5a7185075736ba3cebaf4639b0d5fcba5fff02411e13d748de337e489cc34052",
  "previous": {
    "dehaze": 36.52666675288503,
    "denoise15": 35.26179554392991,
    "denoise25": 32.780726349469525,
    "denoise50": 29.472034621007236,
    "denoise_task_mean_psnr": 32.50485217146889,
    "derain": 36.900432395935056,
    "epoch": 125,
    "five_setting_mean_psnr": 34.18833113264535,
    "macro_psnr": 34.18833113264535,
    "macro_psnr_semantics": "legacy_alias_of_five_setting_mean_psnr",
    "step": 198595,
    "three_task_macro_psnr": 35.31065044009632
  },
  "status": "ready",
  "target": {
    "dehaze": 36.071136148964484,
    "denoise15": 35.268009704293554,
    "denoise25": 32.78998047171287,
    "denoise50": 29.49316098852065,
    "denoise_task_mean_psnr": 32.5170503881757,
    "derain": 36.78515748977661,
    "epoch": 130,
    "five_setting_mean_psnr": 34.08148896065363,
    "macro_psnr": 34.08148896065363,
    "macro_psnr_semantics": "legacy_alias_of_five_setting_mean_psnr",
    "step": 204330,
    "three_task_macro_psnr": 35.12444800897226
  }
}
